{
  "_format": "hh-sol-cache-2",
  "files": {
    "D:\\nft-marketplace-mobile\\Artizan\\contracts\\Hello.sol": {
      "lastModificationDate": 1650239792480,
      "contentHash": "94d0c19a30924ec427b7d02c8fe45373",
      "sourceName": "contracts/Hello.sol",
      "solcConfig": {
        "version": "0.7.3",
        "settings": {
          "optimizer": {
            "enabled": false,
            "runs": 200
          },
          "outputSelection": {
            "*": {
              "*": [
                "abi",
                "evm.bytecode",
                "evm.deployedBytecode",
                "evm.methodIdentifiers"
              ],
              "": [
                "ast"
              ]
            }
          }
        }
      },
      "imports": [
        "hardhat/console.sol"
      ],
      "versionPragmas": [
        ">=0.4.22 <0.9.0"
      ],
      "artifacts": [
        "Hello"
      ]
    },
    "D:\\nft-marketplace-mobile\\Artizan\\node_modules\\hardhat\\console.sol": {
      "lastModificationDate": 1650239736225,
      "contentHash": "c20b2460755f312099ccd61427237ded",
      "sourceName": "hardhat/console.sol",
      "solcConfig": {
        "version": "0.7.3",
        "settings": {
          "optimizer": {
            "enabled": false,
            "runs": 200
          },
          "outputSelection": {
            "*": {
              "*": [
                "abi",
                "evm.bytecode",
                "evm.deployedBytecode",
                "evm.methodIdentifiers"
              ],
              "": [
                "ast"
              ]
            }
          }
        }
      },
      "imports": [],
      "versionPragmas": [
        ">=0.4.22 <0.8.0"
      ],
      "artifacts": [
        "console"
      ]
    }
  }
}
